Clave UT,Nombre Completo del COPACO
10-001,Gustavo Lopez Belmar
10-001,Miriam Valencia Gómez
10-001,Miriam Valencia Gómez
10-001,Rocio Hernandez Lopez
10-002,Eugenia Elpidia Romero Morales
10-002,Francisco Arriaga Franco
10-002,Francisco Arriaga Franco
10-002,Juan Flores Méndez
10-002,Laurybeth Ortega Olvera
10-002,Yazmin Socorro Castañeda Sillas
10-008,Mary Carmen Acosta López
10-008,Rosa María Trinidad Sánchez Quintana
10-008,Veronica Armenta Hernández
10-009,Claudia Erika Tapia Lima
10-009,Dana Lorena Sanchez Bernal
10-009,Héctor Aguirre Muñoz
10-009,Maria Teresita Del Niño Jesus Garcia Mendez
10-009,Miguel Ángel Cortés Pérez
10-009,Nohemi Zamora Coronado
10-009,Patricia Ayala Vilchis
10-009,Paulina Mandujano Gonzalez
10-009,Víctor Manuel Sanchez Mendoza
10-019,Carolina Mejía González
10-019,Carolina Mejía González
10-019,Cynthia Sofía Blas Rodríguez
10-030,Maria Elena Herrera Alvarez
10-030,Maria Elena Herrera Alvarez
10-030,Maria Elena Herrera Alvarez
10-031,Antonio Panigua Martínez
10-031,Ariana Guadalupe Vazquez Alvarez
10-031,César Mendoza Hernández
10-031,Cristina Alicia Alvarez Medina
10-031,Gilberto Olvera Villagran
10-031,Maria Cristina Castillo Morales
10-031,Sabina Dorantes Mendoza
10-031,Teodororo Alfredo Garcia Miranda
10-031,Virginia Espinosa Alba
10-040,Guadalupe Jazmín Pool Sánchez
10-040,Josefina Rosas Vega
10-040,Leonardo Sanchez Jimenez
10-040,Maria Del Carmen Alvarado Mendoza
10-040,Sergio Daniel Berlanga Jimenez
10-040,Sergio Daniel Berlanga Jimenez
10-040,Severo Lázaro Tlachi Sánchez
10-049,Elizabeth Velazquez Velez
10-049,Gerardo Estrada Cuéllar
10-049,Laura Aurora Estrada Cuéllar
10-049,Maria Belem Sixto Miramar
10-049,María Del Socorro Díaz De León Castrejón
10-049,Maria Teresa De Jesús Romero Guzmán
10-049,Rosaura Mónica Mendoza Torres
10-050,Anylu Guadalupe Reyes Galindo
10-050,Bryan Raul Ramos Reyes
10-050,Diana Laura Guerra Barrera
10-050,Isis Guadalupe Soto Juárez
10-050,Juan Carlos Castro Garcia
10-050,María De Los Angeles Román Guerra
10-056,Elizabeth Lara Salgado
10-056,Elizabeth Zamora Zamora
10-056,Gabriela De Alba Flores
10-056,Karen Lizbeth Robles Hurtado
10-056,Luis Eduardo Lara Salgado
10-056,María Rebeca Salgado Hernández
10-056,Miguel Lara Labastida
10-056,Rosa Maria Xx Hurtado
10-057,Crescenciano Cisneros Obregón
10-057,Irma Guadalupe Martínez De La O
10-057,Mia Guadalupe Garcia Aguilar
10-057,Victor Eduardo Carreño Salinas
10-058,Adriana Ramirez Rios
10-058,Braulio Guadalupe Granados Cruz
10-058,Dioscelina Avalos Sanchez
10-058,Jorge Orendain Diaz
10-058,Miguel Angel Guerrero Morales
10-058,Porfiria Josefina Morales Ramos
10-058,Violeta Cruz Acosta
10-059,Elizabeth Sánchez Martínez
10-059,Elizabeth Sánchez Martínez
10-059,Nayeli Mata Sanchez
10-059,Osvaldo Sanchez García
10-060,Andrea Elizabeth Villegas Ramírez
10-060,Bernarda Pérez Martínez
10-060,Bernarda Pérez Martínez
10-060,Roberto Pérez Martínez
10-070,Consuelo Hernández Reyes
10-070,Consuelo Hernández Reyes
10-070,Dulce Karen Salgado Diaz
10-070,Ernesto Garcia Escamilla
10-071,Aurora Catalina Puentes Zermeno
10-071,Clara Bahena Carlón
10-071,Claudia Josefina Alvarado Torres
10-071,Edgar Carbajal González
10-071,Mario Avilés Orozco
10-071,Oscar Alejandro Ruvalcaba Orozco
10-071,Pablo Arturo Vega Ramos
10-074,Angel Gutierrez Olvera
10-074,Cinthya Janette Manzano Aguilar
10-074,Clara Gabriela Sosa Gomora
10-074,María Del Rosario Durán Martínez
10-074,Maria Gabriela Estrada Islas
10-074,Nataly Marisol De Agustin Duran
10-074,Rebeca Zarate Cid
10-074,Salvador Morales Oviedo
10-074,Saul Alejandro Contreras Zamorano
10-087,Ana Maria Reyes Martinez
10-087,Berenice Bernardino Valentin
10-087,Ivonne Aguilar Rivera
10-087,Maricruz Gonzales Lopez
10-087,Sara Alcántara De Jesús
10-092,Adriana Hernandez Rivera
10-092,Lorena Xx Martinez
10-092,María De Jesús Hernández Abaunza
10-092,Rebeca Cuevas Garcia
10-092,Yolanda Gonzalez Valdes
10-100,Eusebio Manuel Campos Rojas
10-100,Jesus Enrique Aguilar Martínez
10-100,Maria Cristina Millan Hernandez
10-100,María De Lourdes Sebastián Barrón
10-103,Dulce María Romero Ortega
10-103,Edith Saldivar Barradas
10-103,Erika Tellitud Rivera
10-103,Juan Carlos López López
10-103,Katherine Aylin Garcia Tellitud
10-103,Mario Genesta Ventura
10-119,Alejandra Ariana Rivera Galindo
10-125,Elvia Irma Verdeja Gonzalez
10-125,Jaime Francisco Vargas Chavez
10-125,Josefina Alvarado Hinojoza
10-125,Rodolfo Olguin Cruz
10-126,Jessica Natalia Cardoso Flores
10-126,Jorge Castañeda Lunar
10-126,Luis Antonio Sanchez Flores
10-126,María Esther Flores Torres
10-126,María Soledad Reyes Rugerio
10-126,Martina Manjarrez Sugaide
10-126,Norma Yaquelin Pérez García
10-126,Rocio Ruelas Gutiérrez
10-141,Carolina García Sandoval
10-141,Claudia Rocio Flores Espinosa
10-141,Elvira Castilleja Martínez
10-141,Genoveva Araceli Prado Serrano
10-141,Maribel Ramírez Peña
10-142,Lorenzo Santiago Pérez
10-142,Margarita Hernández Morales
10-142,Margarita Hernández Morales
10-156,Elvia Rodriguez Otero
10-156,Marco Livio Méndez Solano
10-156,Maria Valencia Espinal
10-156,María Camerina Álvarez Ávila
10-156,Maribel Chapul Hernández
10-156,Martha Angelica Sánchez García
10-156,Paulina Desiree Valdez Huerta
10-156,Raquel Chavira Almaraz
10-156,Raúl García Alfaro
10-157,Ana Georgina Castañeda Olivo
10-157,Ana Laura López Parra
10-157,Claudia Carolina Parra Bravo
10-157,Heriberto López Maya
10-157,María Teresa Noyola Sánchez
10-157,Paulina Najera Monroy
10-157,Ricardo Mondragon Trujillo
10-159,Catherine Judith Mondragon Planas
10-159,Claudia Gabriela Arellano Moran
10-159,Enrique Rojas Alvarez
10-159,Gloria Martinez Garcia
10-159,Judith Teresa Planas Cuellar
10-159,Luis Manuel Medina Medina
10-159,Rogelio Ramon Garcia
10-159,Tania Gomez Salgado
10-159,Yolanda Mejia Hernandez
10-160,Berenice Imelda Angeles Rodríguez
10-160,Carmen Eugenia Martinez Morales
10-160,Ivan Verdejo Reynero
10-160,Juan Verdejo Ramírez
10-160,Luis Ronaldo Rodríguez Huertaa
10-160,Maria Isabel Martinez Olvera
10-160,Raquel Patricia Huerta Mendoza
10-160,Rosa Nancy Ovando Alonso
10-160,Yanira Virginia Silva Chavez
10-161,Carolina Salguero Sanchez
10-161,Israel Aldaco Rodríguez
10-161,Juan Moreno Rodríguez
10-161,Juana Angelica Rivera Salgado
10-161,Maria De Lourdes Ramirez Velazquez
10-161,Maria Del Carmen Ramirez Alvarez
10-161,Sofia Badillo Flores
10-169,Ivett Herrera De La Rosa
10-169,Liliana Alonso Gomez
10-174,Arlette Yunuen Zuñiga Ponce
10-174,Brandon Axel Aguilar Almendariz
10-174,Candida Rodriguez Mendoza
10-174,Eva Proo Mejía
10-174,Francisco Herrera Parada
10-174,Monserrat Diaz Medina
10-174,Noemi González Hernández
10-174,Nohemi Almendariz Muñoz
10-174,Norma Angelica Ponce Proo
10-187,Alin Ruelas Gutierrez
10-187,Christian Navarro Marquina
10-187,Edgar Ezequiel Santana Gomez
10-187,Guadalupe Vazquez Zavala
10-187,Ricardo Alexis Cordero Valdivia
10-187,Virginia Martinez Martinez
10-188,Carlos Fragoso Pérez
10-188,Carlos Fragoso Pérez
10-188,Víctor Manuel Flores Tapia
10-188,Vivian Montserrat Mota Gonzalez
10-189,Blanca Gutierrez Estrada
10-189,Edgar Reyes Ramblas
10-189,María De Lourdes López Meneses
10-189,Perla Elizabeth Peralta Lopez
10-197,Ana Lilia Cruz Aparicio
10-197,Fabiola Aparicio Salazar
10-197,Lizbeth Cruz Jimenez
10-199,Ernesto Villar Carrillo
10-199,Josefina Patricia Carranza Rodríguez
10-199,Leticia Esquivel Villagómez
10-199,Leticia Herlinda Curiel Castañeda
10-199,René Atristain González
10-199,Rosa Maria Esquivel Villagomez
10-199,Sergio León Islas
10-199,Tania Ramos Fernández
10-199,Yolanda Molina Ramírez
10-203,Barbara Zamora Uribe
10-203,Erika Adriana Bohorquez Jasso
10-203,Maria Isabel Jasso Nieto
10-203,Miriam Verónica Hernández Rosas
10-203,Raúl Bohorquez Jasso
10-205,Bertha Margarita Gomez Saucedo
10-205,Eduardo Rodriguez Uribe
10-205,Jose Maria Lujan Macias
10-205,Julio Ignacio Soto Gordoa Huerta
10-205,Laura Zuñiga Ruiz
10-205,Maria De Los Angeles Sanchez Chavez
10-205,Maria Del Rosario Juarez Gonzalez
10-205,Maria Guadalupe Najera Marche
10-205,Sofia Orduña Rodriguez
10-226,Claudia Mayeli Pacheco Hernandez
10-226,Ignacio Borges Flores
10-226,Maria Fernanda Ronquillo Pacheco
10-229,Hector Alan Saenz Perez
10-229,Leonor Cristina Valdez Muñoz
10-229,Leonor Cristina Valdez Muñoz
10-229,Olivia Aparicio Vera
10-229,Rafael Ruiz Lopez
10-230,Angélica María Rojas Morales
10-230,Juan Manuel Zozaya Cabal
10-230,Pilar Islas Macías
10-242,Carlos Angel Onofre Romero
10-242,Gabriela Montes Aburto
10-242,Leobardo Bello Teran
10-242,Maria Angelica Romero Cazares
10-242,Maria Estela Becerril Vazquez
10-242,Martha Lilia Sánchez Elias
10-242,Reyna Rosa Perez Mejia
10-242,Rocio Rico Suaste
10-242,Yael Atzin Bejarano Perez
10-243,Alejandro Alvarado Gonzalez
10-243,Alfredo Velazquez Bolaños
10-243,Ana Paola Sanchez Hernandez
10-243,Concepcion Miranda Reyes
10-243,Josefina Gonzalez Ocampo
10-243,Karina Carmona Zepeda
10-243,Kevin Israel Velazquez Bolaños
10-243,Miguel Ángel Alceda Olvera
10-243,Sara Hernandez Flores
10-259,Elsa Cristina González Blancas
10-259,Maria Eugenia Costales Gonzalez
10-259,Marisela González Blancas
10-260,Ramses Marquez Garcia
10-260,Raúl Coca Becerril
10-260,Raúl Coca Becerril
10-260,Raúl Coca Becerril
10-017,Amalia Patricia Hernadez Hernandez
10-017,Cesar Balbuena Fernandez
10-017,Maria De Jesus Gomez Bello
10-017,Norma Edith Baeza Alquicira
10-020,Francisco Javier Izquierdo Ruiz
10-020,Gloria Garcia Carrillo
10-020,Guadalupe Pérez Ugalde
10-020,Juan Manuel Ramon Ramos
10-020,Luciano Neri Victoria
10-033,Alfredo Benito Caballero
10-033,Diana Alicia Hernández Sánchez
10-033,Elizabeth Erika Emba Sanchez
10-033,Enrique Hernández Jurado
10-033,Guadalupe Otilio García Garduño
10-033,Marco Antonio Reynoso Castillo
10-033,María Del Rosario Pérez Reyes
10-033,María Guadalupe Caballero Rosales
10-033,Rebeca Zittle Preciado
10-041,Araceli Mondragon Sanchez
10-041,Clara Alejandrina Alvarado García
10-041,Gerardo Castillo Cruz
10-041,Imelda Martinez Sarmiento
10-041,Israel Ruiz Garcia
10-041,Lucía Gómez Reyes
10-041,Maria Luisa Sandoval Sandoval
10-041,Omar Carrillo Bastida
10-041,Patricia Ramos Acosta
10-055,Jorge Flores Sánchez
10-055,Jorge Flores Sánchez
10-153,Francisca Bastida Araujo
10-153,Jessica Garcés Martínez
10-153,Maria Isabel Mercado Garcia
10-153,Tania Lizbeth Martinez Romo
10-155,Axel Dair Mayen Benitez
10-155,Juan Manuel Roman Tavares
10-155,Reyna Ysabel Lopes Roblero
10-200,Arturo Morales Baeza
10-200,Esteban Esquivel Arias
10-200,Joel Moises Tellez Jimenez
10-200,Lilia Rincon Hernandez
10-200,Marco Antonio Carmona Mondragon
10-200,Maria Del Pilar Cruz Alquicira
10-200,Martina Isabel Vargas Aguilar
10-200,Myriam Candelaria Tellez Jimenez
10-200,Sonia Osorio Álvarez
10-201,Abigail Esther Planas Cuellar
10-201,Juan Luis Mayén Macías
10-202,Moises Sánchez Sánchez
10-202,Rosa María Guerrero Martínez
10-212,Leonel Ramirez Maldonado
10-212,Mario Sanchez Guadarrama
10-215,Irma Lozada Moreno
10-215,Mauricio Avila García
10-215,Modesto Hernández Arellano
10-221,Alexander Juárez Méndez
10-221,Denisse Esparza Gutierrez
10-221,Diego Antonio García Martínez
10-221,Eduardo Garcia Dolores
10-221,Juana Sanchez Martinez
10-221,Lucero Yanet Flores Cruz
10-221,Marta Cruz Molina
10-221,Miguel Angel Flores Garcia
10-221,Tomasa Reynalda Gutierrez Dionisio
10-238,Elisa Soto Zaldivar
10-238,Francisco Salazar Mayoral
10-238,Maria Angelica Nuñez Hernández
10-238,Paul Rene Lassauzet Solar
10-238,Susana Sanchez Torices
10-241,Aaron Cruz Cruz
10-241,Aidee Ivonne Gonzalez Romero
10-241,Francisco Cruz Tadeo
10-241,Ivone Reyes Moreno
10-241,Kenya Yesenia Arias Cruz
10-241,Marcelino Lopez Martinez
10-241,Nayeli Garcia Segundo
10-241,Ricardo Gonzalez Guadarrama
10-241,Rosa Guadalupe Ortiz Zarate
10-244,Adriana Ruiz Castro
10-244,Janitzi Guadalupe Ramirez Moreno
10-244,Juan Macario Hernandez Martinez
10-244,Leonor Santiago Mateo
10-244,Lucía Gonzales Estrada
10-244,Mario Alberto Perez Moncada
10-244,Rufina Gonzalez Segundo
10-004,Ignacio Chávez De La Lama
10-004,Maria Lina Martinez Diaz
10-005,Angélica Patricio García
10-005,Angelina Ibarra Garcia
10-005,Fátima Guadalupe Cruz Gonzalez
10-005,Federico Juarez Perez
10-005,Gabriela Gutierrez Ignacio
10-005,Georgina Ramirez Santos
10-005,Jesús Adrian Martínez Gutiérrez
10-006,Jose Refugio Sanchez Maldonado
10-006,Luz Emilia Cruz Rodriguez
10-006,Maribel Juarez Guerrero
10-006,Rafaela Silvia Hernandez Mendoza
10-006,Sabas Esquivel Blanco
10-006,Silvia Adaluz Jaimes Ronquillo
10-006,Trinidad Pérez Ávila
10-006,Valeria Muñoz Minjares
10-007,Diana Jacqueline Zarate Colin
10-007,Gonzalo Antonio Autrique Escobar
10-007,Lorena Illescas Ferretiz
10-007,Lucero Facio Jimenez
10-007,Pedro Pablo Mendez Perez
10-010,Hector Guillermo Ramos Galvan
10-010,Marco Galdino Roaro Muñoz De Cote
10-010,Maria Isabel Oliva Mejía
10-010,Norma Cecilia Sánchez Beltrán
10-011,Claudia Maria Rivera Abraira
10-011,Fernando Lezama Roldan
10-011,Jorge Zenteno Medina
10-011,Jose Porfirio Cruz Jimenez
10-011,Juan Carlos Alvarez Gandara
10-011,Juan Carlos Soria Nájera
10-011,Maria Luisa Gonzalez Aguilar
10-011,Miguel Jorge Kuri Curiel
10-011,Rosa Luz Sánchez Contreras
10-016,Antonieta Isabel Escudero Martinez
10-016,Araceli Jaramillo Covarrubias
10-016,Victor Hernandez Garrido
10-024,Ana Elizabeth Vega Zarate
10-024,Andrea Selene Herrera Alvarez
10-024,Brandon Michelle Javier Ramirez
10-024,Christian Fernando Flores Vega
10-024,Esperanza Bucio Jimenez
10-024,Ignacio Hernandez Gonzalez
10-024,Julia Gabina Javier Aniceto
10-024,Lizette Joana Marquez Lopez
10-024,Marco Antonio Trejo Nieto
10-027,Araceli Balcázar López
10-027,Olivia Patricia Ceron Espinosa
10-036,Cynthia Susana León López
10-036,Maria De La Soledad Lopez Alvarez
10-042,Alejandro Pineda Adaya
10-042,Hector Suarez Morales
10-042,Rosalba Bassols Quiroz
10-042,Roxana Ercilia Somoza Mora
10-045,Alejandra Ivonne Moreno Hernández
10-045,Bernardino Oliveros Atilano
10-045,Cesar Jesus Medina Campos
10-045,Daniela Fernanda Castillo Gallardo
10-045,Gerardo De La Cruz Ventura
10-045,Paula Perez Hernandez
10-045,Victor Hernández Lucero
10-051,Amelia Tayabas Gonzalez
10-051,Sonia Ernestina De La Mora Garcia
10-062,Alejandro Gudiño Ramirez
10-062,Monica Martinez Lugo
10-062,Sandra Sudhbaki Cienega
10-062,Victor Jesus Hernandez Martinez
10-072,J Jeronimo Gomez Gonzalez
10-072,Maria Altagracia Gonzalez Reyes
10-072,Maria Rosa Gonzalez Reyes
10-073,Aurora Elena Casillas Y Hernández
10-073,Beatriz Eugenia Parrodi Y Arroyo
10-073,Efren Pérez Siete Díaz
10-073,Emilio Jorge Carrera Mendiola
10-073,Jesus Sandoval Chavez
10-073,Maria Concepcion Rangel Alonso
10-073,Maria Elena Solares Aguilar
10-073,Miguel Angel Ornelas Vazquez
10-073,Santiago Rodriguez Fabrega
10-084,Andrea Maria Ursula Korb Kuhlmann
10-084,Berenisse López López
10-084,Cecilia Aguilar Marco
10-084,Gloria Margarita Carrasco Fernandez
10-084,Ivo Alberto Jacobo Stern Colín Y Nunés
10-084,Jose Maria Castro Mussot
10-084,Ma Eugenia Guadalupe Blandón Jolly
10-084,Martin Ferrari Fuentes
10-084,Sharbel Macouzet Quintana
10-085,Alejandro Cruz Ramirez Juarez
10-085,Cecilia Oliver Villarreal
10-085,Gerian Huerta Hernandez
10-085,Maria Caridad Benitez Cedillo
10-085,Maria De La Luz Cedillo Osornio
10-085,Mayra Mendez Chacon
10-085,Oscar Raul Ramirez Juarez
10-085,Roberto Armando Ramirez Lopez
10-085,Verónica Guadalupe González Angeles
10-086,Carlos Robles Adame
10-086,Eladia Modesto Brito
10-086,Hilda Garcia Figueroa
10-086,Jose Luis Ruiz X
10-086,Ma Carmen Moreno Zarraga
10-086,Maria Elena Ramos Ochoa
10-086,Salvador Romero Rodríguez
10-091,Carla Georgina Gomez Guerrero
10-091,Cecilia Flores Garcia
10-091,Eugenia Samayoa Sanchez
10-091,Gabriel Garcia Rojas Fontecilla
10-091,Gloria Alicia Robles Martinez Gonzalez
10-091,Jose Quevedo Cruz
10-091,Maria Del Pilar Ulibarri Gomez
10-091,Patricio Mercado Ostos
10-091,Roberto Mario Bustamante Castrejón
10-093,Magdalena Luisa Corona Nuñez
10-093,Magdalena Luisa Corona Nuñez
10-094,Daniela León Solis
10-094,Jose Antonio Nicanor Amador
10-094,Juana Figueroa Garcia
10-097,Alma Rosa Cario Cruz
10-097,Judith Belen Ruiz López
10-097,Reyna Valencia Trejo
10-101,Andrea María Reynoso Mendoza
10-101,Brenda Marlee Noguez Balderas
10-101,Carlos Dominguez Rojo
10-101,Carolina Ledesma Rojo
10-101,Elizabeth Martinez Montes
10-101,Maria Isabel Flores Lopez
10-101,Moises Moreno Dionisio
10-101,Rosa Maria Camacho Zarate
10-101,Saúl Martínez Montes
10-105,Abel Lopez Cabrera
10-105,Bibiana Cabrera Soriano
10-105,Juan Manuel Velazquez Vega
10-105,María Dolores Sánchez Mendoza
10-105,María Guadalupe Hernández Lara
10-105,Ramon Garnica Rios
10-107,Alfonso Gonzalez Maldonado
10-107,Arturo Mares Escamilla
10-107,Faviola Garcia Garcia
10-107,Francisco Ignacio Morales Reyes
10-107,Irma Hernández Olguín
10-107,Jesús Antonio Mares Villagrán
10-107,Lucia Gonzalez Galvan
10-107,Rosalinda Marin Bartolo
10-107,Silvia Escamilla Villagran
10-108,Javier Ignacio Gayon Vera
10-108,Maria Gisela Noble Colin
10-110,Adriana Guadalupe Gonzalez Avalos
10-110,Beatriz Martínez Sánchez
10-110,Ma De Jesús Salcedo Reyes
10-110,Marco Antonio Romero Medina
10-110,Maria De Los Angeles Perez Rosales
10-114,Carolina Ávila Bernal
10-114,Elvira Rueda Sandoval
10-114,Jorge Cruz Ballinas
10-114,Jorge Esteban Maqueo Velasco
10-114,Jose Antonio Fernandez Alvarez
10-114,Norma Elizabeth López Martínez
10-114,Oralia Elizabeth Dingler Corral
10-114,Rafael Lajud Neme
10-114,Verónica Ramírez De La Cruz
10-115,Allan Osvaldo Caudillo Maldonado
10-115,Ana Leonor Perez Martinez
10-115,Danitza Ximena Contreras Aquino
10-115,Gabriela Pedro Herrera
10-115,Jorge David Garcia Laguna
10-115,Maribel Betanzos Lopez
10-115,Oscar Alejandro Martínez Hernández
10-115,Tamara Moreno Gomez
10-116,Angel Garcia Pineda
10-116,Federico Segura Rocha
10-116,Maria Barbara Susana Aranda Hernandez
10-116,Osvaldo Segura Rocha
10-116,Roberta Pineda Arvizu
10-123,Ana Cecilia Garcia Oliva
10-123,Guillermo Adolfo Vignau Esteva
10-123,Mario Eduardo Hinojosa Rangel
10-128,Dionicio Martínez Estrada
10-128,Ernesto Torres Reyes
10-128,Graciela Perez Pacheco
10-128,Jessica Paola Bautista Pérez
10-128,Jose Luis Velasco Garcia
10-128,Josue Gutierrez Gonzalez
10-128,Marina Padilla Carrillo
10-128,Marisol Garcia Sanchez
10-128,Pablo Antonio Benitez Padilla
10-129,Angelica Judith Vargas Saldaña
10-129,Fernando Rosas Villagra
10-129,Graciela Rosas Hernandez
10-129,Jose Luis Marin Correa
10-129,Marco Antonio Hernandez Mendoza
10-129,Maria De La Luz Riva Palacio Sandoval
10-129,Maria Del Carmen Ruiz Rivera
10-129,Martha Morales Santana
10-129,Yolanda Gomez Melo
10-130,Alicia Arista Zepeda
10-130,Bernardo Casiano Mendoza
10-130,Edgar Garcia Arista
10-130,Enrique Valderrabano Castelan
10-130,Gustavo Angel Garcia Moreno
10-130,Irma Patricia Hernandez Godoy
10-130,María De Jesús Sánchez Castillo
10-130,Mellanie Katerine Torres Gutiérrez
10-130,Teresa Ramos Gonzalez
10-131,Alonso Manuel Morales Pliego
10-131,Beatriz Eugenia Heredia Sanchez
10-131,David Cabestany Lopez
10-131,Norma Gonzalez Alvear
10-131,Olivia Del Pilar Ortiz Aldama
10-131,Victor Manuel Contreras Vargas
10-132,Diana Ordóñez Martinez
10-132,Guadalupe Vitaliana Menor Hernandez
10-132,Johan Ali Rojas Hernández
10-132,Jose Victor Reyna Garnica
10-132,Josefina Izquierdo Ramirez
10-132,María De La Luz Martínez De La Cruz
10-132,Martin Rojas Vera
10-132,Miguelina Zarate Trujillo
10-132,Ricardo Arturo Puebla Valle
10-133,Benjamin Pastrana Escalona
10-133,Josefina Peña Mendoza
10-133,Luis Alberto Ruiz Zaldivar
10-133,Maria Teresa Rodriguez Vila
10-133,Soledad Del Carmen Martinez Rodriguez
10-134,Alejandra Flores Osornio
10-134,Almerid Del Rocio Galindo Lopez
10-134,Edith Sanchez Ortiz
10-134,Eduardo Maqueda Alonso
10-134,Eduardo David Oropeza Olguin
10-134,Francisco Javier Pedraza Martinez
10-134,Gabriela Noemi Hernandez Hernandez
10-134,Ma Magdalena Vieyra De La Luz
10-134,Martin Hernandez Peña
10-135,Alexis Diaz Reyes
10-135,Ana María Villicaña Ruíz
10-135,Andrea Liceaga Rubi
10-135,Candelaria Antonio Lopez
10-135,Claudia Midory Perez Delgadillo
10-135,Guillermo Lopez Lopez
10-135,Jorge Alexis González Pérez
10-135,Luz Maria Chavez Guerrero
10-135,Ricardo Angeles Vazquez
10-138,Diana Nora Medina Acevedo
10-138,Diana Nora Medina Acevedo
10-139,Fernando Fuentes Echevarria
10-139,Jorge Carlos Parraga Araujo
10-139,Jose Humberto Flores Carrola
10-139,Juan Manuel Solares Garcia
10-139,Maria Yesica Lizarraga Avalos
10-139,Martha Aurora Moreno Aubanel
10-139,Monica Becerra Winters
10-139,Olga Margarita Granados Ramos Elorduy
10-143,Alma Rocío Magaña Islas
10-143,Eleonora Fabbri Rovelo
10-143,Gabriela Mendez Diaz
10-143,Gloria Lazaro Jimenez
10-143,Inés Díaz Acevedo
10-143,Norma Angelica Gonzalez Rodriguez
10-143,Norma Angelica Posada Gonzalez
10-143,Silvia Guerrero Hernandez
10-143,Victor De La Rosa Romero
10-144,Carla Ortiz Chávez
10-144,Elba Maribel Gomez Martinez
10-144,Jesus Sanchez Garcia
10-144,Jesus Alberto Gonzalez Najera
10-144,Monica Maria Guadalupe Pinal E Icaza Orvañanos
10-145,Alejandro Contreras Navarro
10-145,Diana Laura Cruz Flores
10-145,Iliana Leticia Alvarez Hernandez
10-145,Maria Beatriz Elvia Garcia Martinez
10-145,Rocio Del Carmen Flores Villanueva
10-145,Susana Hernández Pimentel
10-151,Ana Marivilia Monge Carrasco
10-151,Edith Aparicio Ramirez
10-151,Eduardo Gilberto Robles Toledo
10-151,Gerardo Balmori Iglesias
10-151,Guillermina Lopez Toledo
10-151,Maria Esther Rodriguez Ruiz
10-151,Marivilia Carrasco Bazua
10-151,Mauricio Fabian Rebollar Lopez
10-151,Santiago Morales Zuñiga
10-152,Carlos Muciño Morán
10-152,Consuelo Moran Martinez
10-152,Francisco Daniel Martinez Prado
10-152,Javier Mejia Aguilera
10-152,Jose Angel Martinez Trejo
10-152,Ricardo Saavedra Juarez
10-154,Francisco Nava Gómez
10-154,Jennipher Daniela Flores Vazquez
10-154,Josefina Martínez Lara
10-154,Juan Andrés Rodríguez López
10-154,Marcos Maturano Quintero
10-154,Maria Belem Martinez Patiño
10-154,Venancio Castro Garcia
10-158,Gerardo Medel Perez
10-158,Ivonne Adriana Chimal Cruz
10-158,Lucrecia Hernández Garcia
10-162,Jesus Piceno Cruz
10-162,Karen Lizbeth Bautista Gonzalez
10-162,Ma Guadalupe Tellez Vargas
10-163,Elena Hernandez Martinez
10-163,Guadalupe Bañales Guzman
10-163,Ivonne Carro Melendez
10-163,Jesus Ernesto Del Valle Zepeda
10-163,Jose Daniel Mandujano Faustino
10-163,Leonardo Emmanuel Palacios Ramírez
10-163,Maria De Lourdes Cosio Hernandez
10-163,Maria Guadalupe Garcia Perez
10-163,Maria Luisa Hernandez Gomez
10-167,Adriana Vazquez Rangel
10-167,Erick David Zavala Aguilar
10-167,Fatima Jatziry Rios Ibarra
10-167,Gabriel Sánchez Martínez
10-167,Georgina Gonzalez Ortiz
10-167,Gumesinda Hernandez Sanchez
10-167,Hilda López Lara
10-167,Marisol Martínez Flores
10-168,Ana Maria Alvarez Zaldivar
10-168,Araceli Colín Rezago
10-168,Elvira Flores Herrera
10-168,Fidencio Aguilar Valerio
10-168,Juvencio Gutierrez Gonzalez
10-168,Leticia Ramirez Bautista
10-168,Marco Antonio Fajardo Peñaloza
10-168,Maria Del Carmen Aguilar Arredondo
10-168,Ramiro Abraham Sierra Paz
10-173,Arturo Peña Cuevas
10-173,Ignacio Zurita Hernandez
10-173,Jennifer Nolasco Camarillo
10-173,Juan Lopez Gutierrez
10-173,Laura Araceli De Jesus Bolaños
10-173,Norma Ocampo Aranda
10-173,Pilar Yadira Figueroa Gonzalez
10-173,Sandra Muñóz Herrera
10-173,Victorina Hernandez Chaza
10-175,Daniela Fuentes Hernández
10-175,Elizabeth Janeth Muñoz Lopez
10-175,Gudelia Felix Bautista
10-175,Maria Antonieta Gomez Hernandez
10-175,Maria Del Carmen Gonzalez Reyes
10-175,Maria Guadalupe Gonzalez Reyes
10-181,Lilia Yareth Sandoval Sandoval
10-181,Maria De Lourdes Perea Mendoza
10-181,Maria Teresa Xx Cruz
10-181,Olga Patricia Cruz Lázaro
10-181,Rene Camacho Tabares
10-181,Salvador Nestor Resendiz Navarrete
10-181,Teresa De Jesus Pérez Malvaez
10-182,Alfredo Ayala Sanchez
10-182,Ernestina Cantero Valencia
10-182,Georgina Alpízar Rodríguez
10-182,Humberto Silverio Quiroz Soto
10-182,Jose Candelario Carranza Alonso
10-182,Jose Ernesto Hernandez Lopez
10-182,Julieta Mendoza Rodriguez
10-182,Maria De Los Angeles Albarran Cortes
10-182,Maritza Martinez Rocha
10-184,Cleofas Francisco Espinoza Perez
10-184,Daniel Antonio Flores Arzate
10-184,Guadalupe Reyes Arenas
10-184,Ivonne Monserrat Galindo Rangel
10-184,Jonathan Iván Leyva Perez
10-184,Luis Gerardo Uribe González
10-184,Maria Beatriz Guadalupe Barrera Valdez
10-184,Maria De Los Angeles Limon Galvan
10-184,Silvia Leticia Rodriguez Silva
10-185,Carlos Ortega Quintos
10-185,Emma Ivet Gómez García
10-185,Silvia Rodriguez Romero
10-185,Victor Gómez García
10-190,Adela Flores Acevedo
10-190,Alejandro Ivan Martinez Ramirez
10-190,Jose Emiliano Jimenez Alvarado
10-190,Julio Diaz Mejia
10-190,Laura Santiago Alvarez
10-190,Mario Gonzalez Leal
10-190,Ofelia Reyes Cruz
10-190,Yolanda Peña Canedo
10-192,Daira Tlalli Mejia Cubos
10-192,Francisco Escamilla Llano
10-192,Hector Franco Ortiz
10-192,Maria De Fatima Cabañas López
10-192,Sergio Alejandro Salcedo Ordaz
10-193,Elba Correa Guerra
10-193,Gerardo Trejo Viveros
10-193,Josefina Viveros Romero
10-193,Lillian Liberman Shkolnikoff
10-193,Oscar Sahagun Ortíz
10-193,Óscar Humberto Saavedra Moctezuma
10-195,Berenice Sanchez Gonzalez
10-195,Fabian Sanchez Hernandez
10-195,Guadalupe Avilés Cruz
10-195,Jose Trinidad Perez Salazar
10-195,Laura Gabriela Vazquez Meneses
10-195,Maria Del Pueblito Ortiz Nieves
10-195,Mariana Villanueva Camacho
10-195,Monica Isabel Hernandez Pineda
10-195,Wilebaldo Bonifacio Sanchez Garcia
10-206,Martha Patricia Larrondo Cruz
10-206,Martin Humberto Rico Ramirez
10-206,Silvia Guadalupe Osorno Sanchez
10-206,Teresa Perez Aguilar
10-213,Ana Luz Orduña Ceciliano
10-213,Angel Nuñez Lopez
10-213,Manuel Genaro Carrasco Garcia
10-213,Maria De La Luz Carrasco Aguilar
10-213,Yendi Lucero Rocha Castro
10-214,Andrea De Jesus Napoles
10-214,Elizabeth Prado Chavez
10-214,Enrique Flores Saenz
10-214,Francisco Alejandro X Linares
10-214,Geovana Alejandra Carranza Arroyo
10-214,Luis Enrique Velazquez Mendoza
10-214,María De La Luz Peralta Resendiz
10-214,Maria Olga Garcia Santillan
10-214,Ricardo Delgado Vallejo
10-216,Ricardo Cuellar Alcantara
10-216,Ricardo Cuellar Alcantara
10-217,Bertha Barcenas Lopez
10-217,Dulce Isabel Torres De Gante
10-217,Guillermo Vanegas Torres
10-217,Jorge Morales Morales
10-217,Jose Manzano Sandoval
10-217,Teresa Santos Garcia
10-217,Teresa Elvira Oviedo Salinas
10-217,Teresita Gomez Tellez
10-217,Victor Manuel Flores Lopez
10-218,Carlos Alejandro Velasco Mendoza
10-218,Carlos Humberto Gadsden Carrasco
10-218,Claudia Teresa Mercade Rodriguez
10-218,Jorge Mario Campillo Perez
10-218,Laura Edith Alvarez Flores
10-218,María De La Luz Pineda Ortega
10-218,Maria Eugenia Turrent Riquelme
10-218,Maria Teresa Enciso Plowes
10-218,Silvia Edith Hayashida Kobashi
10-219,Sergio Bonilla Cruz
10-220,Bernardo Barrera Jimenez
10-220,Efigenia Renteria Pastrana
10-220,Fernando Martinez Salazar
10-220,Iran De Jesus Renteria
10-220,Leticia Sánchez Fonseca
10-220,Lourdes Valencia Gonzalez
10-220,Luis Alberto Albino Corona
10-220,María Salomé Ubaldo Ramírez
10-220,Silvia Frias Zarate
10-222,Angel Fonseca Sanchez
10-222,Blanca Estela Carmona Tovar
10-222,Francisco Carmona Zamudio
10-222,Lorena Nieto Solis
10-222,María Teresa Xx Buenrostro
10-222,Maribel Torres Rivera
10-222,Raul Vega Diaz
10-222,Vicente Lopez Quintero
10-222,Xochitl Ortiz Barron
10-223,Aidee Caballero Rosales
10-223,Elba Maria Juarez Gil
10-223,Emilio Sandoval García
10-223,Jaime Mar Ramirez
10-223,Ma Socorro Garcia Olguin
10-223,Remedios Marquez Plascencia
10-223,Rodrigo Vega Sanchez
10-223,Samuel Caballero Rosales
10-223,Virginia Estrella Segura Zepeda
10-227,Emmanuel Manrique Leija
10-227,Lorenzo Javier Razo Méndez
10-227,Nathan Goldfeder Leneman
10-227,Paulina I Iglesias Igprpl61012809m100
10-227,Silvia De La Concepcion Teresa Ravelo Lamar
10-228,Bernandino Montaño Bello
10-228,Bertha Alicia Naranjo Valentinez
10-228,Fernando Samuel Maya Terrones
10-228,Gregoria Flores Quintero
10-228,Luis Enrique González Ortiz
10-228,María De Las Mercedes Ortega Alfaro
10-228,Rodrigo Hernandez Morales
10-228,Susana Romero Olivares
10-228,Veronica Maria Isabel Ibarra Sanchez
10-234,David Villafaña Elias
10-234,Humberto Adrian Perez Martinez
10-234,Lucia Alvarez Gutierrez
10-234,Maria Elena Garcia Gomez
10-234,Maria Ernestina Solis Garcia
10-234,Maria Faviola Najera Ponce
10-234,Mucio Villafaña Medina
10-234,Roxana Guadalupe Martinez Lujano
10-234,Vicenta Reyes Amates
10-240,Roberto Trujillo Rosas
10-240,Roberto Trujillo Rosas
10-249,Camerino Roberto Beltran Garcia
10-249,Elisa Monserrat Monterde Garcia
10-249,Lucila Garcia Chavez
10-249,Maria Guadalupe Hernandez Muñoz
10-249,Maria Luisa Escobedo Clemente
10-249,Martha Chavez Nuñez
10-250,Arcadia Marcela Gonzalez Sanchez
10-250,Dulce Maria Vega Alvarez
10-250,Jorge Castellanos Torres
10-250,Marco Antonio Navarro Navarrete
10-250,Mauricio Aguirre Rubio
10-250,Nora Elizabeth Lopez Maldonado
10-250,Rocio Dominguez Barajas
10-250,Sergio Castillo Gonzalez
10-250,Virginia Fuentes Aldana
10-251,Brayan Andres Gómez Laines
10-251,Claudia Julia Carrilo De Albornos
10-251,Dorotea Hernandez Santillan
10-251,Irene Deneb Figueroa Ruiz
10-251,Jose Alberto Crisantos Pineda
10-251,Maria Guadalupe Monroy Sanchez
10-251,Marycruz Gomez Avila
10-251,Morayma Gladys Chincoya Zamudio
10-251,Sergio Cano X
10-257,Cecilia Ayala Sanchez
10-257,David Mendez Flores
10-257,Eva Fernanda Ayala Vargas
10-257,Guadalupe Ivonne Lopez Villa
10-257,José Policarpo Velazquez Romero
10-257,Juvencio Salinas Salinas
10-257,Lizbeth Plata Hernández
10-257,Maribel Cerqueda Martínez
10-257,Moises Rodriguez Oronzor
10-003,Elodia Molina Camacho
10-003,Erika Martínez Molina
10-003,Jorge Hernandez Jimenez
10-003,José Arturo Moctezuma Sánchez
10-003,Maria Reyna Jacinto Moya
10-003,Nori Guadalupe Pech Canul
10-003,Reyna Cecilia Mira Barrera
10-013,Monica Andrade Mendoza
10-013,Monica Andrade Mendoza
10-014,Lidia Córdova García
10-014,Lilia Adriana Aquino Hernandez
10-014,Margarita González Ruíz
10-015,Gisela Espinoza Camacho
10-015,Guadalupe Palacios Hernández
10-015,Guadalupe Juana Vázquez Morales
10-015,Julio Cesar Gerardo Ramirez
10-015,María Del Carmen López Fabela
10-015,María Isabel Barrera Lascano
10-018,Ana María Cordero Estrada
10-018,Elliot Manuel Yerena Vizcaya
10-018,Guadalupe Bonilla Cisneros
10-018,Juan González Bernal
10-018,Karla Verónica Sánchez Ruíz
10-018,Mario Villegas Vences
10-018,Sergio Paramo Sanchez
10-018,Sofia Curiel Olmos
10-018,Virgilio Hernández Fernández
10-022,Claudia Guadalupe Montes De Oca Gómez
10-022,José Antonio Rodríguez Avila
10-022,María Del Rosario Arellano Ramos
10-022,Misael Antonio González Vega
10-023,Francisco Guadalupe Medina Gonzalez
10-023,Francisco Guadalupe Medina Gonzalez
10-023,Norma Mateos Hernández
10-025,Beatriz Ivett Mora Odilon
10-025,Jorge Arturo Sánchez García
10-025,José Luis Barrón Borrego
10-025,Juana Agundiz Villela
10-025,Saira Lizeth García Vázquez
10-026,Gabriela Velázquez Díaz
10-026,José Luis Escandon De Jesús
10-026,José Saúl González Ruiz
10-026,Juana Mateos Martínez
10-026,Karla Libertad Morales Cerón
10-026,María Esperanza Martínez Ibarra
10-026,Maria Esther Jimenez Hinojosa
10-026,Martin Rea Zariñana
10-026,Ramón Cornejo Medina
10-028,Graciela Nolasco Rodríguez
10-028,Guillermo Yerat Ramirez Luna
10-028,Gustavo Garduño Martínez
10-028,José De Jesús Bejero Morales
10-028,Rocio Rodriguez Medina
10-029,Araceli Garduño Gomez
10-029,Betzabe Alejandra Castañeda Revilla
10-029,Gaspar Hernandez Chavez
10-029,Jesus Francisco Mazari Suarez
10-029,Luis Fernando Moreno Rico
10-029,Pablo Antonio Villaseñor Gonzalez
10-029,Patricia Orduña Ramirez
10-029,Patricia Del Carmen Suarez Arias
10-029,Sonia Georgina Corona Martinez
10-032,Alma Cecilia Martinez Alvarez
10-032,Araceli Aniceto Rojas
10-032,Bertha Jeaninne Motta Ramirez
10-032,Carolina Maravilla Dimas
10-032,Jesus Perfecto Nava
10-032,Julieta Dimas Garcia
10-032,Luis Manuel Medina Lopez
10-032,Miriam Sánchez Gómez
10-032,Monserrat Maravilla Dimas
10-034,Alexa Daana Perez Avila
10-034,Fidela Taquex Santos
10-034,Francisco Bonfilio Vasquez Sánchez
10-034,Guadalupe Victorino Tellez
10-034,Margarita Catalán Patiño
10-034,Marlen Rizo Chavez
10-034,Olivia Miranda Rodríguez
10-034,Sergio Hernández Ornelas
10-034,Teresa Navarrete Zuñiga
10-035,Cynthia Salazar Vazquez
10-035,Cynthia Salazar Vazquez
10-037,Adolfo González Gordillo
10-037,Maria Teresa Pérez Vargas
10-038,Claudia Aguilar Barragán
10-038,José De La Cruz Gómez Vázquez
10-038,José Miguel Nabor Uribe Arriaga
10-038,Luis Armando García Hernández
10-038,María Concepción Camacho Sánchez
10-038,María De Lourdes Trejo Ángeles
10-038,Nelly Aideé Martínez Rangel
10-038,Orlando Martínez Castro
10-039,Alejandro Calzada Mancera
10-039,Clara María Flores Escobedo
10-039,Jose Juan Estrada Gonzalez
10-039,Mariana Mishelle Fernandez Soto
10-039,Maribel Romero Lopez
10-039,Silvia Monserrat Moctezuma Arreola
10-044,Aníbal Quintana Rosas
10-044,Beatriz Eugenia Olivera Olmos
10-044,Daniel Zavala Pérez
10-044,Guillermo Eduardo Aguirre Angeles
10-044,Ignacio Gerardo Rangel Díaz
10-044,Lydia Barraza Velasco
10-044,Mauricio Lozano Massés
10-044,Mercedes Camacho Velazquez
10-046,Alicia Michel Cruz
10-046,Erick Roberto Gonzalez Suarez
10-046,Jorge Mendez Garcia
10-046,José Manuel González Trejo
10-047,Araceli Gonzales Ferrer
10-047,Diego Antonio Carmona Alvarado
10-047,Elizabeth Martínez Roa
10-047,Fernando Reséndiz Sarabia
10-047,Jesús David Méndez Guzmán
10-047,Lucina Arteaga Uribe
10-047,Nancy Jane Caloca Ruiz
10-047,Pablo Huerta Cervantes
10-047,Patricia Tellez Jaimes
10-048,María Dolores Aguilar Gonzalez
10-048,Michel Medina Palacios
10-048,Sotero Guadalupe Loyola Hernández
10-052,Ana Cruz Vazquez
10-052,Carlos Emmanuel Gonzalez Torres
10-052,Cecilia Juárez Guzmán
10-052,Ciro Domingo Lopez Alvarez
10-052,Irving Alexander Juárez Guzmán
10-052,Jesus Enrique Loeza Hernandez
10-052,Maria Alejandra Cruz Celaya
10-052,Raquel Barbara Avila Ibarra
10-052,Wendy Sandy Valdes Hernandez
10-053,Ana Camila Cruz Perez
10-053,Angel Andres Herrera Avilez
10-053,Elizabeth Ortega Rodríguez
10-053,Jessica Morales Flores
10-053,Lilia Esmeralda Estrada Rangel
10-053,María Del Socorro Cruz Guillermo
10-053,Maria Francisca Ortega Juarez
10-053,María Isabel Rodriguez Tinajero
10-053,Martha García Vicente
10-054,Laura Olivia Gonzalez Rodriguez
10-054,Maria Guadalupe Aldave Portillo
10-054,Rocio Marisol Salazar Moyao
10-054,Silvia Gonzalez Rodriguez
10-061,Deisy Gabriela Dominguez Diaz
10-061,Josue Nathan Ramirez Lopez
10-063,Estela Cruz Venegas
10-063,Irma Garcia Garcia
10-063,Luis Carlos Arroyo Paredes
10-063,Maria Elena Bortolussi Ayala
10-063,Maria Fernanda Beltran Gonzalez
10-063,Olivia Briano Rivera
10-064,Ana María Soto Carmona
10-064,Dennys Rodríguez Ramírez
10-064,Evelyn Alamilla Garcia
10-064,Gloria González X
10-064,Gloria Blanca Meneses Guevara
10-064,Norbella Guillen Samora
10-064,Sergio Brandon Rodríguez Ramírez
10-065,Andrés Armando Olvera Morales
10-065,Armando Sandoval Garcia
10-065,Arturo Vazquez Zarza
10-065,Raul Meneses Alcantara
10-066,Alejandra Arredondo Nava
10-066,César Ivan Vega Valdespino
10-066,Juliana López González
10-066,María Del Carmen Curiel Soto
10-066,Susana Guadalupe Alarcón Franco
10-067,Araceli Mendoza Trejo
10-067,Araceli Mendoza Trejo
10-067,Araceli Mendoza Trejo
10-069,Fernando Sandoval Sánchez
10-069,Fernando Sandoval Sánchez
10-069,Fernando Sandoval Sánchez
10-075,María Anali Delgado Ledesma
10-075,Ofelia Vázquez Medorio
10-075,Yolanda Georgina Mendoza Avila
10-076,Ana Laura González Segura
10-076,Daniel Arturo Perea Ríos
10-076,Ingrid Arlette Zamora Araujo
10-076,Maria Fernanda Maldonado Garcia
10-076,Ricardo Ramirez Sanchez
10-077,Alejandra Elizabeth Vargas Salas
10-077,Celia Granados Bernabé
10-077,Maria Cecilia Rios Angeles
10-077,María Guadalupe Catarino Ángeles
10-077,María Natividad García Ruíz
10-077,María Teresa Pérez Cid
10-077,Martina Rizo Villanueva
10-077,Rosa Isela Pérez Ruíz
10-077,Rosa María Hernández Gómez
10-078,Mercedes Martínez Flores
10-078,Mercedes Martínez Flores
10-079,Alpha Avila Weingartshofer
10-079,Ana Rosario Pérez Domínguez
10-079,Edith González Escobar
10-079,Fabiola Rivera Domínguez
10-079,Jacqueline Veronica Rivera Santamaria
10-079,Luis Antonio Carbajal Vázquez
10-079,María Del Carmen Hernández Guzmán
10-079,Maria Del Rocio Ortega Domínguez
10-079,Oliver De Jesús Santiago Vázquez
10-080,Armando Lopez Gonzalez
10-080,Jesús Daniel Martínez Olvera
10-080,Katya Amairani Camacho Lopez
10-080,Luis Alfonso Miranda Ortiz
10-080,Luis Humberto Palmer Martínez
10-080,Maribel Velazquez Quintero
10-080,Mireya Ramón Garcia
10-080,Xochitl Michel Padilla Mateo
10-081,Alma Cecilia Gutiérrez Tovar
10-081,Belem Cruz Medina
10-081,Cirilo Martín Campos De Jesús
10-081,Daniel Guerrero Vargas
10-081,Francisco Javier García Cruz
10-081,Isidro Diaz Cruz
10-081,Laura Angélica Casildo Flores
10-081,Leticia Stephanie Valdez Malagon
10-081,Roberto Joel Mendez Alvarez
10-082,Elia Del Carmen Hernandez Rosas
10-082,Elizabeth Aretha Chavez Nuño
10-082,Evaristo Miguel Garcia Angeles
10-083,Josepb Michael Flores González
10-083,Juan Antonio González Morales
10-083,Leovigildo Flores Espindola
10-088,Daniel Ramirez Zamora
10-088,Guadalupe Tellez Mauricio
10-088,Hortencia Gutierrez Gomez
10-088,José Luis Barrera X
10-088,Juan José Colores López
10-088,Leticia Toledano Atilano
10-088,Lorena Escobar Hurtado
10-088,Ma Del Carmen De Jesus Cabello
10-088,Salvador Rafael Huaroco
10-089,Adelaido Cruz Dávila
10-089,Alma Casas Rosales
10-089,Gabriela Guzman Fernandez
10-089,Imelda Hernández López
10-089,Laura Romero Mendoza
10-089,Luis Alberto Perez Vargas
10-089,Maribel Sanchez Mayen
10-089,Nestor Adrian Hernandez Orozco
10-089,Verónica Velázquez Martínez
10-090,Jesús Alejandro Diaz Calderón
10-090,Maria Del Rosario Cabello Aranda
10-090,Merybeht Margarita Perez Infante
10-090,Verónica Córdova García
10-095,Diego Elias Ruffiar Trejo
10-095,Guadalupe Ortega García
10-095,María Del Pilar Morales Rivera
10-096,Brenda Karina Anicua Angeles
10-096,José Guadalupe De Santiago Zuñiga
10-096,José Rafael García Chavez
10-096,Lizbeth Rubí Reyes Cortez
10-096,Margarito Carbajal Colin
10-096,Rosaura Rodríguez Rojas
10-096,Susy Antunez Collns
10-096,Verónica Salinas Zuñiga
10-096,Viridiana Santana Lazcano
10-098,Angel Castillo Covarrubias
10-098,Gabriela Martínez Hernández
10-098,Héctor Mendoza Ferreyra
10-098,Jose Juan Berrospe Jacuinde
10-098,Marta Santana Soto
10-098,Martha Laura Perez Gomez
10-098,Olga Lilia Salas X
10-098,Pedro Armando Jimenez Avendaño
10-098,Rosa Angelica Marquez Fuentes
10-102,Alejandra Xx Vazquez
10-102,Karen Mireya Enriquez Alvarez
10-104,Diego Cuevas Estadia
10-104,Diego Cuevas Estadia
10-106,Armando Morales Reyes
10-106,Blanca Estela Mendez Hernandez
10-106,Claudia Arriaga Soria
10-106,Juan Vilchis Vidal
10-106,Leticia Aguilar Najera
10-106,María Del Rosario Gámez Díaz
10-106,Maria Noemi Salazar Carreola
10-106,Mario Alberto Acosta Santana
10-106,Yolanda Quintero Uribe
10-109,Carlos Arturo Salazar Alvarado
10-109,Eulalia López Hernández
10-109,Francisco Javier Alejandre Quintanar
10-109,Ivon Rodriguez Lopez
10-109,Jessica Jazmín Escalona García
10-109,Maria Guadalupe Sanchez Morquecho
10-109,Patricia Arteaga Barrios
10-111,Maria De Los Ángeles Díaz Montesinos
10-111,Maria Dionicia Ledo Huitzil
10-112,Bryan Roberto De Cello Olmedo
10-112,Candelaria Garcia Avila
10-112,Cinthya Alondra Castro Palacios
10-112,Gerardo Molina Loza
10-112,Karely Tonaxy Antonio Perez
10-112,María Inés Gallegos García
10-113,Jazmin Vargas Nuñez
10-113,Lucia Gallegos Anicua
10-113,María Aurora Vargas Nuñez
10-118,Antonio Ventura Gonzalez
10-118,Diego Alejandro Vargas Alcaraz
10-118,Karina Mejía Luz
10-118,Ricardo Castañeda Olvera
10-118,Sergio Salazar Saavedra
10-118,Vladimir Emiliano Bello Hernández
10-120,Alejandro Hernández Rosas
10-120,Fernanda Yamile González Escalona
10-120,Jorge Sanchez Santillan
10-120,Lázaro Angeles Rojas
10-120,Luis Angel Martinez Ramirez
10-120,Ma Concepcion Chavez Colin
10-120,Rubén Lobato Angeles
10-121,Atziry Fernanda Ruiz Hernandez
10-121,Cristopher Jesus Damas Reyes
10-121,Cruz Maria Sanchez Molina
10-121,Ivon Nava Carillo
10-121,Javier Nava Castro
10-121,Luz Victoria Mendoza Ramirez
10-121,Manuel Rivera Garcia
10-121,María De Las Nieves Columba Cruz Gómez
10-121,Rosa Maria Hernandez Duran
10-122,Araceli Ramirez Lara
10-122,Elizabeth Arellano Munguia
10-122,Gerardo Fermin Brito
10-122,Gloria Guzmán Urbina
10-122,Jessica Naomi Reyes Ramirez
10-122,María Del Consuelo Guerrero Ramírez
10-122,Miguel Angel Vazquez Jimenez
10-122,Myrna Gabriela Ojeda Castilla
10-122,Veronica Chavez Ramirez
10-124,Elvira Morales Onofre
10-124,Gerardo González Felipe
10-124,Jesús Hernández Santana
10-124,Jose Cruz Salazar Tejeda
10-124,Karina Guadalupe Gutiérrez Garduño
10-124,Leopoldo Martinez Hernández
10-124,María Del Carmen Lerma Juárez
10-124,Oliva Velázquez Gutiérrez
10-124,Virginia Blancas Estrada
10-127,Alberto Recillas Garcia
10-127,Alicia Rodríguez Pompa
10-127,Catalina Contreras Romero
10-127,Gabriel Arroyo Serrano
10-127,Hector Paredes Fabian
10-127,Irving Luis Cortes Ruiz
10-127,Itzel Estela Santillán Olvera
10-127,Silvia Gil Ramos
10-127,Yoana Cruz Gachuz
10-136,Ana Lidia Diaz Rodriguez
10-136,Jesús Osornio Marin
10-136,Jose Jesus Dominguez Noguez
10-136,Julia Leticia Marin Hernandez
10-136,Marco Antonio Sánchez Sánchez
10-136,Maricruz Mendoza Jiménez
10-136,Moises Castro Vargas
10-136,Victor Fuentes Rodríguez
10-140,Eliane Padrés Rojo
10-140,Joaquín Aguerrebere Salido
10-140,Miguel Luna Y Parra Y Gómez Urquiza
10-146,Juan Carlos Silva Rodriguez
10-146,Maria Del Rosario Peña Alvarez
10-147,Carina Mancilla Piña
10-147,Jacqueline Enriquez Bolaños
10-147,Jesús Valle Salazar
10-147,Liff Cristopher Sigler Mognier
10-147,Liliana Ramirez Morales
10-148,Erika Morales Arcos
10-148,Irene Jimenez Rodriguez
10-148,Zacarias Alberto Baena Flores
10-148,Zacarias Alberto Baena Flores
10-149,Daniela Lorena Gonzalez Flores
10-149,Lazara Beatriz Mérida Barrueta
10-149,Luis Alberto Escobar Garcia
10-149,Luis Enrique Vega Gonzalez
10-149,Martin Ricardo Sanchez Rodriguez
10-149,Raquel González Jiménez
10-149,Ximena Monserrat Villagómez González
10-149,Yolanda Ponce Hernández
10-150,Felipe De Jesus Morales Meneses
10-150,Janet Delgado Benitez
10-150,María Del Rosario Benítez Velasco
10-166,Angelica Martinez Reyes
10-166,Carlos Corona Zuñiga
10-166,Gloria Zuñiga Silva
10-166,Margarita Ramos Morales
10-170,Alberto Mauricio Obregon Saenz
10-170,Alejandra Rebeca Alvarez Morphy Y Gomez Maganda
10-170,Ivan Morales Núñez
10-170,Vanessa Maria Prats Alvarado
10-171,Ángel Yáñez Mejía
10-171,Danna Méndez Sánchez
10-171,Jonathan Uriel González Castañeda
10-171,Liliana Arroyo Lopez
10-171,Marisol Lizbeth Gil Alpizar
10-171,Patricia González Sánchez
10-171,Wendy Contreras Olguin
10-172,Francisco Javier Marín Gómez
10-172,Gloria Rivas Escamilla
10-172,Heriberto Ortíz Casas
10-172,Lucia Sanchez Rodriguez
10-172,Monica María Zepeda Pichardo
10-172,Pedro Carmona González
10-172,Ricardo Julian Arriaga Maya
10-172,Rosa María Ayala Guadarrama
10-172,Tania Jaqueline Ortega Bautista
10-176,Ana Valeria Meneses Meneses
10-176,Daniela Abigail Mexicano González
10-176,Elizabeth González Lozano
10-176,Gabriela Sánchez González
10-176,María Juana Sánchez Reyes
10-176,Martha Rocio Ruíz Rodríguez
10-176,Perla Meneses Meneses
10-176,Teresa Pérez Crisostomo
10-177,Adriana Navarrete Zamora
10-177,Alfonso Rojas Cruz
10-177,Concepción González Toral
10-177,Liliana Aideé Hernández Figueroa
10-177,Marcela Martínez León
10-177,Roberto Carlos Marín Carmona
10-177,Rosa María García Carbajal
10-177,Vicente Marin Jaramillo
10-177,Víctor Hugo Pérez Pacheco
10-178,Maria Berenise Perez Pineda
10-178,María Teresa Vargas Gómez
10-178,Martha Mendoza Martínez
10-178,Victor Mancera Perez
10-179,Adela Ortega Arias
10-179,Diego Alberto Sosa Cruz
10-179,Elizabeth Montañez García
10-179,Haydee Susana Avelar Valdez
10-179,Jesica Monserrat Jardon Romero
10-179,Katia Jocelyn Baeza Ortega
10-179,Martin Ruíz Trujillo
10-179,Petra Bernal Hernández
10-179,Yolanda Pizaña Rojas
10-180,Adelaida Correa Sanchez
10-180,Leopoldo Gonzalez Delgado
10-183,Brandon Mauricio Barrera Ríos
10-183,Gloria Patricia Tepepa Hernández
10-183,Magali Guadalupe Alonso Tepepa
10-183,Teresita Vargas Martinez
10-186,Estela Linares Granados
10-186,Eva Sarahi Ramirez Soto
10-186,Francisco Everardo Tinajero Anaya
10-186,María Asunción Noguez Rico
10-196,Martha Eugenia Avila Durán
10-196,Sofia Garcia Murillo
10-198,Alberto Martinez Guzman
10-198,Erika Magaly Muñoz Gonzalez
10-198,Gilberto Lara Xx
10-198,Joel Sanchez Rosales
10-198,José Martínez Vargas
10-198,Maria De La Luz Zuñiga Barrera
10-198,María Del Rocío Martínez Hidalgo
10-198,Rosa Cortes Sotelo
10-198,Silvia Cortes Sotelo
10-208,Adan Hernandez Carmona
10-208,Beatriz Magdalena Cuevas Díaz
10-208,Irene Medina Robles
10-208,Jose Florentino Luna Rodales
10-208,Juan Cisneros Osornio
10-208,Laura Lizbett Solis Medina
10-209,Bernardina Benita De La Cruz Martínez
10-209,Enrique Plata De La Cruz
10-209,José Guadalupe Martínez Castro
10-210,Alicia López Uribe
10-210,Antonio Ramirez Medina
10-210,Ma Irene De Santiago Castillo
10-211,Alberto Pérez Granados
10-211,Jasmin Ruiz Cañongo
10-211,Magdalena Ortega Alcantara
10-211,Serafin Landeros González
10-224,Cecilia Acevedo Pérez
10-224,Elvia Velázquez Onofre
10-224,Giovanna Esperanza Alvarado Carrillo
10-224,Martin Eduardo Gonzalez Rodriguez
10-224,Miguel Angel Martínez Espinal
10-224,Reynalda Martinez Arvizu
10-224,Rodolfo Campos Cevallos
10-224,Susana Bolaños Garcia
10-224,Víctor Manuel Chávez López
10-231,Cuautecutli Zarate Mendoza
10-231,Diana Saudizaret Calderón Romero
10-231,Erick Raúl Villegas Salinas
10-231,Eunice Rojas Vargas
10-231,Leonardo Chacón Martín Del Campo
10-231,Leopoldo Martinez Gutierrez
10-231,Leticia Vázquez Gutíerrez
10-231,Luz Amparo Del Carmen Jimenez Reyonoso
10-231,Minerva Hernandez Simancas
10-232,Enrique Martín Osnaya Marcelino
10-232,Gregorio Mendieta Cuevas
10-232,Guadalupe Vega Cuevas
10-232,Karina Ivonne Pedraza Romero
10-232,Lilia Zamora Lopez
10-233,Emma Montiel Olvera
10-233,Jose Antonio Gomez Ambriz
10-233,Rosa Arminda Ambriz Torres
10-235,Carmen Delgado Zepeda
10-235,Daniela Silva Sánchez
10-235,Diana Bernal Martínez
10-235,Dora Alicia Hernandez Sobrevilla
10-235,Herminia Santos López
10-235,Julieta Sánchez Salazar
10-235,Miriam Rangel Sandoval
10-235,Rodrigo Sánchez Hernández
10-235,Rosa María Hernández Zarate
10-236,Alicia Miramar X
10-236,Andrea Figueroa Mora
10-236,Cesar Jimenez Miramar
10-236,Jazmín Reyes Sánchez
10-236,Julio César Castillo Terrones
10-236,Laura Georgina Salazar Guerrero
10-236,María Verónica Mendoza Raya
10-236,Miguel Eduardo Peña Juárez
10-236,Raúl Lorenzo Romero Sanchez
10-237,Alejandra Elizabeth Merida Rubio
10-237,Jacqueline Hernández Mérida
10-237,Juana Ramírez Ramirez
10-237,Nazaria Ramirez Xx
10-239,Janet Carla Gomez Hernandez
10-239,Jose Martinez Vera
10-239,Maria Yolanda Sanchez Perez
10-239,Miguel Cisneros Vazquez
10-239,Minerva Santana Flores
10-239,Noe López De Jesus
10-245,Gustavo Chavez Tovar
10-245,Juan Ortíz Hernández
10-245,Pilar María De Jesús Campa Palacios
10-246,Ana Silverio De La Cruz
10-246,Brandon Calderon Pavana
10-246,Erika Espinoza Gomez
10-246,Isela Virginia Jaimes Hernández
10-246,Leonel Juarez Rodriguez
10-246,Maria Guadalupe Pavana Zarate
10-246,Maricruz Orozco Diaz
10-246,Yeni López González
10-247,Alberto Galicia Torres
10-247,Alicia Velázquez Pérez
10-247,Antonina Rosario Gutíerrez Ramírez
10-247,Fermín Muñoz López
10-247,Jesica Hernández Mendoza
10-247,Luis Cruz Armenta
10-247,María Teresa Malfavon Rendon
10-247,Monica Casas Velázquez
10-247,Yadira Catalina Meza Herrera
10-248,Carlos Fuentes Garcia
10-248,Lourdes Cisneros Vargas
10-248,Patricia Lara Gillessen
10-252,Adriana Martínez Hernández
10-252,Alfredo Ramirez Tinoco
10-252,Francisco Javier Angeles Olvera
10-252,Inés Cruz Arellano
10-252,Inés Ramirez Hernández
10-252,José Ángel Coyoli Fabián
10-252,Ma Teresa Fabián Santos
10-252,Maribel Hernández Hernández
10-252,Patricia Olguin Pérez
10-253,Alí Gabriel Granados Muñoz
10-253,Christian Rivera Hernández
10-253,Clotilde Fuentes Sanchez
10-253,Erika Adriana Rodriguez Olguin
10-253,Gabriel Alba Rangel
10-253,Leticia Hernández Matias
10-253,Margarita Hermelinda Hernández Xx
10-253,María Victoría Pineda Ríos
10-253,Rosa Maria Lopez Gomez
10-254,Dalila Roman Antunez
10-254,Enrique Hernández Muñoz
10-254,Jesús Manuel Hernández Malagón
10-254,José Alberto Hernández Malagón
10-254,Juana Azucena Garduño González
10-254,María Lilia Pozos Ramírez
10-254,Mariano Hernández Malagón
10-254,Martha Patricia Velázquez González
10-254,Rosa Maria Medrano Esparza
10-255,Alicia Angeles González
10-255,Alma Edith Dolores Armendariz
10-255,César Monterrubio Fernández
10-255,Citlali Yoame Hernández Bautista
10-255,Jessica Sanchez Gomez
10-255,Veronica Olvera Pradel
10-256,Arturo Colin Navarro
10-256,Luis Gonzalez Diaz
